ts,name,cpu_pct,mem_mib,net_in_mib,net_out_mib,blk_in_mib,blk_out_mib
2026-05-09T19:12:42Z,bench-sidecar-D,0.01,59.46,0.00,0.00,0.00,0.00
2026-05-09T19:12:42Z,bench-consumer-D,0.10,134.90,0.00,0.00,88.40,1.05
2026-05-09T19:12:42Z,bench-driver-D,100.13,24.97,0.00,0.00,2.63,1.49
2026-05-09T19:12:50Z,bench-driver-D,96.38,24.98,0.00,0.00,2.63,1.49
2026-05-09T19:12:50Z,bench-sidecar-D,0.90,100.60,0.00,0.00,0.00,0.00
2026-05-09T19:12:50Z,bench-consumer-D,0.00,134.90,0.00,0.00,88.40,1.05
2026-05-09T19:12:58Z,bench-driver-D,98.43,25.14,0.00,0.00,2.63,9.38
2026-05-09T19:12:58Z,bench-sidecar-D,0.94,130.90,0.00,0.00,0.00,0.00
2026-05-09T19:12:58Z,bench-consumer-D,0.00,134.90,0.00,0.00,88.40,1.05
2026-05-09T19:13:05Z,bench-driver-D,95.72,25.37,0.00,0.00,2.63,9.38
2026-05-09T19:13:05Z,bench-sidecar-D,5.16,161.30,0.00,0.00,0.00,0.00
2026-05-09T19:13:05Z,bench-consumer-D,0.07,134.90,0.00,0.00,88.40,1.05
2026-05-09T19:13:12Z,bench-driver-D,97.90,25.30,0.00,0.00,2.63,9.38
2026-05-09T19:13:12Z,bench-sidecar-D,0.88,87.33,0.00,5.12,3.88,0.00
2026-05-09T19:13:12Z,bench-consumer-D,0.00,207.80,5.14,0.00,98.80,1.05
2026-05-09T19:13:19Z,bench-driver-D,96.00,25.64,0.00,0.00,2.63,9.38
2026-05-09T19:13:19Z,bench-sidecar-D,0.90,116.30,0.00,5.12,3.88,0.00
2026-05-09T19:13:19Z,bench-consumer-D,0.09,207.80,5.14,0.00,98.80,1.05
2026-05-09T19:13:26Z,bench-driver-D,95.57,25.69,0.00,0.00,2.63,32.70
2026-05-09T19:13:26Z,bench-sidecar-D,0.87,145.70,0.00,5.12,3.88,0.00
2026-05-09T19:13:26Z,bench-consumer-D,0.00,207.80,5.15,0.00,98.80,1.05
2026-05-09T19:13:33Z,bench-driver-D,98.28,25.86,0.00,0.00,2.63,32.70
2026-05-09T19:13:33Z,bench-sidecar-D,0.90,71.89,0.00,10.20,3.88,0.00
2026-05-09T19:13:33Z,bench-consumer-D,4.79,252.10,10.20,0.00,98.80,1.05
2026-05-09T19:13:40Z,bench-driver-D,98.09,26.05,0.00,0.00,2.63,44.50
2026-05-09T19:13:40Z,bench-sidecar-D,0.89,96.93,0.00,10.20,3.88,0.00
2026-05-09T19:13:40Z,bench-consumer-D,0.00,220.50,10.20,0.00,98.80,1.21
2026-05-09T19:13:48Z,bench-driver-D,99.22,26.31,0.00,0.00,2.63,44.50
2026-05-09T19:13:48Z,bench-sidecar-D,0.89,130.20,0.00,10.20,3.88,0.00
2026-05-09T19:13:48Z,bench-consumer-D,0.00,220.50,10.20,0.00,98.80,1.21
2026-05-09T19:13:55Z,bench-driver-D,98.06,26.40,0.00,0.00,2.63,44.50
2026-05-09T19:13:55Z,bench-sidecar-D,0.93,155.20,0.00,10.20,3.88,0.00
2026-05-09T19:13:55Z,bench-consumer-D,0.09,220.50,10.20,0.00,98.80,1.21
2026-05-09T19:14:02Z,bench-driver-D,98.93,26.48,0.00,0.00,2.63,59.70
2026-05-09T19:14:02Z,bench-sidecar-D,0.97,89.05,0.00,15.20,3.88,0.00
2026-05-09T19:14:02Z,bench-consumer-D,0.10,229.90,15.30,0.00,98.80,1.21
2026-05-09T19:14:09Z,bench-driver-D,98.73,26.67,0.00,0.00,2.63,64.10
2026-05-09T19:14:09Z,bench-sidecar-D,0.84,118.00,0.00,15.20,3.88,0.00
2026-05-09T19:14:09Z,bench-consumer-D,0.10,229.90,15.30,0.00,98.80,1.21
2026-05-09T19:14:16Z,bench-driver-D,96.38,26.71,0.00,0.00,2.63,64.10
2026-05-09T19:14:16Z,bench-sidecar-D,0.87,143.10,0.00,15.20,3.88,0.00
2026-05-09T19:14:16Z,bench-consumer-D,0.00,229.90,15.30,0.00,98.80,1.21
2026-05-09T19:14:23Z,bench-driver-D,95.89,26.92,0.00,0.00,2.63,64.10
2026-05-09T19:14:23Z,bench-sidecar-D,0.78,74.75,0.00,20.30,3.88,0.00
2026-05-09T19:14:23Z,bench-consumer-D,5.28,262.90,20.30,0.00,98.80,1.21
2026-05-09T19:14:30Z,bench-driver-D,97.44,27.10,0.00,0.00,2.63,64.10
2026-05-09T19:14:30Z,bench-sidecar-D,0.83,100.80,0.00,20.30,3.88,0.00
2026-05-09T19:14:30Z,bench-consumer-D,0.00,232.40,20.30,0.00,98.80,1.21
2026-05-09T19:14:37Z,bench-driver-D,94.74,27.29,0.00,0.00,2.63,87.00
2026-05-09T19:14:37Z,bench-sidecar-D,3.81,130.10,0.00,20.30,3.88,0.00
2026-05-09T19:14:37Z,bench-consumer-D,0.09,232.40,20.30,0.00,98.80,1.21
2026-05-09T19:14:45Z,bench-driver-D,96.98,27.46,0.00,0.00,2.63,87.00
2026-05-09T19:14:45Z,bench-sidecar-D,0.90,154.80,0.00,20.30,3.88,0.00
2026-05-09T19:14:45Z,bench-consumer-D,0.12,232.40,20.40,0.00,98.80,1.21
2026-05-09T19:14:52Z,bench-driver-D,101.27,27.44,0.00,0.00,2.63,87.00
2026-05-09T19:14:52Z,bench-sidecar-D,0.88,86.21,0.00,25.30,3.88,0.00
2026-05-09T19:14:52Z,bench-consumer-D,0.00,238.30,25.40,0.00,98.80,1.21
2026-05-09T19:14:59Z,bench-driver-D,97.94,27.59,0.00,0.00,2.63,102.00
2026-05-09T19:14:59Z,bench-sidecar-D,0.88,115.20,0.00,25.30,3.88,0.00
2026-05-09T19:14:59Z,bench-consumer-D,0.11,238.30,25.40,0.00,98.80,1.21
2026-05-09T19:15:06Z,bench-driver-D,96.43,27.89,0.00,0.00,2.63,102.00
2026-05-09T19:15:06Z,bench-sidecar-D,0.87,144.50,0.00,25.30,3.88,0.00
2026-05-09T19:15:06Z,bench-consumer-D,0.00,238.30,25.40,0.00,98.80,1.21
2026-05-09T19:15:13Z,bench-driver-D,100.16,28.02,0.00,0.00,2.63,102.00
2026-05-09T19:15:13Z,bench-sidecar-D,0.89,81.49,0.00,30.30,3.88,0.00
2026-05-09T19:15:13Z,bench-consumer-D,5.12,268.40,30.50,0.00,98.80,1.21
2026-05-09T19:15:20Z,bench-driver-D,96.86,28.20,0.00,0.00,2.63,118.00
2026-05-09T19:15:20Z,bench-sidecar-D,1.04,101.50,0.00,30.30,3.88,0.00
2026-05-09T19:15:20Z,bench-consumer-D,0.11,238.10,30.50,0.00,98.80,1.21
2026-05-09T19:15:27Z,bench-driver-D,100.15,28.31,0.00,0.00,2.63,126.00
2026-05-09T19:15:27Z,bench-sidecar-D,1.03,126.60,0.00,30.30,3.88,0.00
2026-05-09T19:15:27Z,bench-consumer-D,0.12,238.10,30.50,0.00,98.80,1.21
2026-05-09T19:15:35Z,bench-driver-D,95.02,28.46,0.00,0.00,2.63,126.00
2026-05-09T19:15:35Z,bench-sidecar-D,0.84,159.90,0.00,30.30,3.88,0.00
2026-05-09T19:15:35Z,bench-consumer-D,0.00,238.10,30.50,0.00,98.80,1.21
2026-05-09T19:15:42Z,bench-sidecar-D,0.79,85.45,0.00,35.40,3.88,0.00
2026-05-09T19:15:42Z,bench-consumer-D,0.11,240.80,35.50,0.00,98.80,1.21
2026-05-09T19:15:49Z,bench-sidecar-D,0.08,85.45,0.00,35.40,3.88,0.00
2026-05-09T19:15:49Z,bench-consumer-D,0.14,240.80,35.50,0.00,98.80,1.21
2026-05-09T19:15:56Z,bench-sidecar-D,0.07,85.45,0.00,35.40,3.88,0.00
2026-05-09T19:15:56Z,bench-consumer-D,0.00,240.80,35.50,0.00,98.80,1.21
2026-05-09T19:16:03Z,bench-sidecar-D,0.11,85.45,0.00,35.40,3.88,0.00
2026-05-09T19:16:03Z,bench-consumer-D,0.15,240.80,35.60,0.00,98.80,1.21
2026-05-09T19:16:10Z,bench-sidecar-D,0.10,85.46,0.00,35.40,3.88,0.00
2026-05-09T19:16:10Z,bench-consumer-D,0.00,240.80,35.60,0.00,98.80,1.21
2026-05-09T19:16:17Z,bench-consumer-D,0.11,211.40,36.60,0.00,98.80,1.21
2026-05-09T19:16:25Z,bench-consumer-D,0.00,211.40,36.60,0.00,98.80,1.21
2026-05-09T19:16:32Z,bench-consumer-D,0.11,211.40,36.70,0.00,98.80,1.21
2026-05-09T19:16:39Z,bench-consumer-D,0.14,211.40,36.70,0.00,98.80,1.21
2026-05-09T19:16:46Z,bench-consumer-D,0.00,211.40,36.70,0.00,98.80,1.21
2026-05-09T19:16:54Z,bench-consumer-D,0.11,211.40,36.70,0.00,98.80,1.21
2026-05-09T19:17:01Z,bench-consumer-D,0.00,211.40,36.70,0.00,98.80,1.21
2026-05-09T19:17:08Z,bench-consumer-D,0.12,211.40,36.70,0.00,98.80,1.21
2026-05-09T19:17:15Z,bench-consumer-D,0.13,211.40,36.70,0.00,98.80,1.21
2026-05-09T19:17:22Z,bench-consumer-D,0.00,211.40,36.70,0.00,98.80,1.21
2026-05-09T19:17:29Z,bench-consumer-D,0.13,211.40,36.70,0.00,98.80,1.21
